{
  "2 URL" : {
    "transaction" : "2 URL",
    "sampleCount" : 1147,
    "errorCount" : 17,
    "errorPct" : 1.4821273,
    "meanResTime" : 4526.209241499565,
    "medianResTime" : 4750.0,
    "minResTime" : 915.0,
    "maxResTime" : 9587.0,
    "pct1ResTime" : 7055.2,
    "pct2ResTime" : 7993.199999999994,
    "pct3ResTime" : 8921.52,
    "throughput" : 7.46759376810745,
    "receivedKBytesPerSec" : 1.6848003114481402,
    "sentKBytesPerSec" : 1.1522263821884542
  },
  "1 URL" : {
    "transaction" : "1 URL",
    "sampleCount" : 1022,
    "errorCount" : 27,
    "errorPct" : 2.6418786,
    "meanResTime" : 5078.590998043054,
    "medianResTime" : 5157.0,
    "minResTime" : 1318.0,
    "maxResTime" : 9190.0,
    "pct1ResTime" : 7890.3,
    "pct2ResTime" : 8491.499999999996,
    "pct3ResTime" : 8914.71,
    "throughput" : 6.653992395437262,
    "receivedKBytesPerSec" : 1.5013904532788165,
    "sentKBytesPerSec" : 1.0266902328897338
  },
  "Total" : {
    "transaction" : "Total",
    "sampleCount" : 3508,
    "errorCount" : 53,
    "errorPct" : 1.5108324,
    "meanResTime" : 4434.7839224629415,
    "medianResTime" : 4652.0,
    "minResTime" : 509.0,
    "maxResTime" : 9587.0,
    "pct1ResTime" : 7055.1,
    "pct2ResTime" : 7873.649999999994,
    "pct3ResTime" : 8894.0,
    "throughput" : 22.838987740645976,
    "receivedKBytesPerSec" : 5.152828404037839,
    "sentKBytesPerSec" : 3.5239844365449846
  },
  "3 URL" : {
    "transaction" : "3 URL",
    "sampleCount" : 1339,
    "errorCount" : 9,
    "errorPct" : 0.6721434,
    "meanResTime" : 3865.078416728905,
    "medianResTime" : 4249.0,
    "minResTime" : 509.0,
    "maxResTime" : 9150.0,
    "pct1ResTime" : 6235.0,
    "pct2ResTime" : 6798.0,
    "pct3ResTime" : 7546.0,
    "throughput" : 8.717731696995344,
    "receivedKBytesPerSec" : 1.966712122383541,
    "sentKBytesPerSec" : 1.3451187579348287
  }
}