{
  "2 URL" : {
    "transaction" : "2 URL",
    "sampleCount" : 521,
    "errorCount" : 0,
    "errorPct" : 0.0,
    "meanResTime" : 1050.5489443378115,
    "medianResTime" : 1051.0,
    "minResTime" : 912.0,
    "maxResTime" : 1111.0,
    "pct1ResTime" : 1073.0,
    "pct2ResTime" : 1081.8,
    "pct3ResTime" : 1097.0,
    "throughput" : 4.307280212966484,
    "receivedKBytesPerSec" : 0.971661844917244,
    "sentKBytesPerSec" : 0.664599876610063
  },
  "1 URL" : {
    "transaction" : "1 URL",
    "sampleCount" : 516,
    "errorCount" : 0,
    "errorPct" : 0.0,
    "meanResTime" : 1449.7461240310074,
    "medianResTime" : 1450.0,
    "minResTime" : 1339.0,
    "maxResTime" : 1507.0,
    "pct1ResTime" : 1470.0,
    "pct2ResTime" : 1477.0,
    "pct3ResTime" : 1494.6599999999999,
    "throughput" : 4.252408461963195,
    "receivedKBytesPerSec" : 0.9592835495249005,
    "sentKBytesPerSec" : 0.6561333369044774
  },
  "Total" : {
    "transaction" : "Total",
    "sampleCount" : 1563,
    "errorCount" : 0,
    "errorPct" : 0.0,
    "meanResTime" : 1046.8797184900814,
    "medianResTime" : 1051.0,
    "minResTime" : 509.0,
    "maxResTime" : 1507.0,
    "pct1ResTime" : 1454.0,
    "pct2ResTime" : 1466.0,
    "pct3ResTime" : 1484.0,
    "throughput" : 12.88073575949367,
    "receivedKBytesPerSec" : 2.9057128519951543,
    "sentKBytesPerSec" : 1.987457275390625
  },
  "3 URL" : {
    "transaction" : "3 URL",
    "sampleCount" : 526,
    "errorCount" : 0,
    "errorPct" : 0.0,
    "meanResTime" : 648.0380228136878,
    "medianResTime" : 648.0,
    "minResTime" : 509.0,
    "maxResTime" : 760.0,
    "pct1ResTime" : 674.3,
    "pct2ResTime" : 682.65,
    "pct3ResTime" : 699.6500000000001,
    "throughput" : 4.363045173277592,
    "receivedKBytesPerSec" : 0.9842416357686756,
    "sentKBytesPerSec" : 0.673204235720566
  }
}